Course,Topic Name,,,
Machine Learning,Data analysis,,,
Machine Learning,Model overfitting and underfitting,,,
Machine Learning,Model evaluation,,,
Machine Learning,Bias-variance tradeoff,,,
Machine Learning,Model interpretability,,,
Machine Learning,Gradient descent,,,
Machine Learning,Regularization,,,
Machine Learning,Regression analysis,,,
Machine Learning,Classification methods,,,
Machine Learning,Ensemble learning,,,
Machine Learning,Dimensionality reduction,,,
Machine Learning,Clustering algorithms,,,
Machine Learning,Neural networks,,,
Machine Learning,Reinforcement learning,,,
Machine Learning,Probabilistic modeling,,,
Machine Learning,Graphical models,,,
Machine Learning,Advanced deep learning,,,
Machine Learning,Learning theory,,,
Machine Learning,"Ethics, bias, and fairness",,,
Machine Learning,Topic modeling,,,
Algorithms,Running time analysis,,,
Algorithms,Summations,,,
Algorithms,Divide-and-conquer algorithms,,,
Algorithms,Sorting algorithms,,,
Algorithms,Linear time sorting algorithms,,,
Algorithms,Greedy algorithms,,,
Algorithms,Dynamic programming,,,
Algorithms,Graph theory,,,
Algorithms,Elementary graph algorithms,,,
Algorithms,Minimum spanning trees,,,
Algorithms,Single-source shortest path algorithms,,,
Algorithms,All-pairs shortest path algorithms,,,
Algorithms,Maximum flow algorithms,,,
Algorithms,Bipartite graph matching,,,
Algorithms,Probabilistic and randomized algorithms,,,
Algorithms,Quicksort algorithms,,,
Algorithms,Medians and order statistics,,,
Algorithms,Heapsort algorithms,,,
Algorithms,Hash tables,,,
Algorithms,Binary search trees,,,
Algorithms,Red-black trees,,,
Algorithms,Augmented data structures,,,
Algorithms,Disjoint set data structures,,,
Algorithms,Matrix operations,,,
Algorithms,Polynomials and the fast Fourier transform,,,
Algorithms,Number-theoretic algorithms,,,
Algorithms,NP-completeness,,,
Algorithms,Approximation algorithms,,,
Artificial Intelligence,Intelligent agents,,,
Artificial Intelligence,Search,,,
Artificial Intelligence,Search in complex environments,,,
Artificial Intelligence,Constraint satisfaction problems,,,
Artificial Intelligence,Adversarial search and games,,,
Artificial Intelligence,Logical agents,,,
Artificial Intelligence,First-order logic,,,
Artificial Intelligence,Inference in first-order logic,,,
Artificial Intelligence,Knowledge representation,,,
Artificial Intelligence,Automatic planning,,,
Artificial Intelligence,Quantifying uncertainty,,,
Artificial Intelligence,Probabilistic reasoning,,,
Artificial Intelligence,Probabilistic reasoning over time,,,
Artificial Intelligence,Simple decision making,,,
Artificial Intelligence,Complex decision making,,,
Artificial Intelligence,Multiagent decision making,,,
Artificial Intelligence,Probabilistic programming,,,
Artificial Intelligence,Learning from examples,,,
Artificial Intelligence,Knowledge in learning,,,
Artificial Intelligence,Learning probabilistic models,,,
Artificial Intelligence,Deep learning,,,
Artificial Intelligence,Reinforcement learning,,,
Artificial Intelligence,"Philosophy, ethics, and safety",,,
Artificial Intelligence,The future of artificial intelligence,,,
Artificial Intelligence,Natural language processing,,,
Artificial Intelligence,Deep learning for natural language processing,,,
Artificial Intelligence,Robotics,,,
Artificial Intelligence,Computer vision,,,
Computer Graphics,Color and image processing,,,
Computer Graphics,Perception,,,
Computer Graphics,Signal processing,,,
Computer Graphics,Tone reproduction,,,
Computer Graphics,Image composition,,,
Computer Graphics,"Mathematics of vectors, curves, and surfaces",,,
Computer Graphics,Ray tracing,,,
Computer Graphics,Shading techniques,,,
Computer Graphics,Advanced ray tracing,,,
Computer Graphics,Global illumination,,,
Computer Graphics,Meshes and acceleration structures,,,
Computer Graphics,Matrix transformations,,,
Computer Graphics,Viewing transformations,,,
Computer Graphics,Graphics pipeline,,,
Computer Graphics,Texture mapping,,,
Computer Graphics,Computer animation,,,
Computer Graphics,Curves and surfaces,,,
Computer Graphics,Implicit modeling,,,